{
  "user": "vInd1",
  "folders": {
    "despacho":"/team-folders/File Sharing/Antonio/Tests/Despacho",
    "archive":"/team-folders/File Sharing/Antonio/Tests/Archive",
    "to_send":"/team-folders/File Sharing/Antonio/Tests/ToSend",
    "local_folder":"/home/antonio/Personal/cr/Transfer"
  },
  "mail_in": {
    "ctr":"/team-folders/File Sharing/Antonio/Tests/Mailbox @/@ to cr",
    "asr":"/team-folders/File Sharing/Antonio/Tests/Mail asr/Mail from asr",
    "cg":"/team-folders/File Sharing/Antonio/Tests/Mail cg/Mail from cg",
    "r":"/team-folders/File Sharing/Antonio/Tests/Mail r/Mail from r"
  },
  "mail_out": {
    "ctr":"/team-folders/File Sharing/Antonio/Tests/Mailbox @/cr to @",
    "asr":"/team-folders/File Sharing/Antonio/Tests/Mail asr/Mail to asr",
    "cg":"/team-folders/File Sharing/Antonio/Tests/Mail cg/Mail to cg",
    "r":"/team-folders/File Sharing/Antonio/Tests/Mail r/Mail to r"
  },
  "from_dr": {
    "dr": "/team-folders/File Sharing/Antonio/Tests/Mail @/Outbox @"
  },
  "DEBUG": "True",
  "BROWSER": "chromium"

}
