{
  "user": "vInd1",
  "folders": {
    "despacho":"/team-folders/Despacho",
    "archive":"/team-folders/Archive",
    "to_send":"/team-folders/Despacho/ToSend",
    "local_folder":"/home/antonio/Downloads/Aes"
  },
  "teams": {
    "ctr":"/team-folders/Mailbox @/@ to cr",
    "asr":"/team-folders/Mail asr/Mail from asr",
    "cg":"/team-folders/Mail cg/Mail from cg",
    "r":"/team-folders/Mail r/Mail from r"
  },
  "from_dr": {
    "dr": "/team-folders/Mail @/Outbox @"
  },
  "DEBUG": "True"

}
