{
  "user": "df-scr",
  "folders": {
    "despacho":"/team-folders/Despacho",
    "archive":"/team-folders/Archive",
    "local_folder":"/home/antonio/Downloads/Aes"
  },
  "teams": {
    "ctr":"/team-folders/Mailbox @/@ to cr",
    "asr":"/team-folders/Mail asr/Mail from asr",
    "cg":"/team-folders/Mail cg/Mail from cg",
    "r":"/team-folders/Mail r/Mail from r"
  },
  "groups": {
    "gul": "gul"
  },
  "deps": {
    "vcr": {
      "token":"UYkq20T9kLRtjCQNkZg7qxcYmi9KysM6ZrbiftN9pxmUKOCucOeJciIdHlfQQsyn"
    },
    "vcsr": {
      "token":"I7OuDSo2csbTAdn6KsqHMm4pJVDG6e7dJ62pOs1Y1A0SkYsf3eulYdeNXGIgo1br"
    },
    "df-scr": {
      "token":"Hm3Oaif9nQr22rPz8zZVWrqbegeq0LO27vRdfL97Gy5aKs5RF4PKZadalkcE07LP"
    },
    "adr": {
      "token":"2SVVvLdv432h1dcP70OutZ7wFFnXnTQiWQsIFZ5HfGaOK3RdRrk240FvSPe0vXum"
    },
    "dg1": {
      "token":"j5KpMyqamfnKKoT807t7egtNXSCVlXwoC6IyMK6Qrfyp8yhwL4Lyxr3g9kuynYgA"
    },
    "dg2": {
      "token":"pU7OYEZCJt8RyEffKEuIY236cS2Y3IbjXPNT3DkWynpWsDVpW8AAbNNe3VpoRjBz"
    },
    "der": {
      "token":"YRj1kbXuBMNkvPvhVEvZP0pPRXTkEDqbe6sPLmqyEhDJtAx5HTgarwJfoO8BiH1j"
    },
    "vind1": {
      "token":"nSJhM9VtOGVD7mbbfjD7apkd29FdqxtabW6drbOGIsNMx742xc5PZkV5M2KNJPUR"
    },
    "vind2": {
      "token":"qZj6NtsD5QgobpT5S7xIKyRLhzOVg2mrtRFAfQT4hY2v5IY2amUNgrZDYtFVLMEr"
    },
    "vasmo": {
      "token":"ulMOxZDjeMJWjyI3gsHkBBmbSZJRm5r6NbbtQ89vj8K0raQo183vuv5nZUOUumMe"
    },
    "vj1": {
      "token":"1DzeK9rT61kLiDRoxZmTsf78U0MWqzTVrlgf0XT53k1wu9MipS5ByI5xazPSuJtk"
    },
    "vj2": {
      "token":"cHm2DUBoWFR1yhjrLNLRZe5PB5soEjlT8V77KYsZO1b6Afqh66be8yYzlJUp9abO"
    },
    "of scr": {
      "token":"Dja0n3mR8kWaMpjVaz1xcGWOR4SxRxFQDudPifSBTt7RKPObuLiOAjr5TIDBT58u"
    },
    "of ar asmo": {
      "token":"A77bCUjpJn9zx7i1E0EpWuLQFjZDVdeWVqivBwqlqkK0f8Ri3vQAb4eeUfLOD8HW"
    },
    "of j1": {
      "token":"FYjNf4F6Y4iC56T182aj4OgqbaVFI83jhTbKZjUgB4HvCua19Xpfhy7UGy9t8oeM"
    },
    "of j2": {
      "token":"52Ev0vCpdbp6AeBsdlFGpbob4BdoF4zMuQQVrENWBSGYnQyu8P1cLITSm5nvOhXF"
    },
    "of j3": {
      "token":"F6n6GMPlxNJemECrWgj55EVyk5E6i8G9rPq9IDFvk88cgSfV3g4u4pPw3s4ybMPR"
    },
    "eugeni": {
      "token":"PR4AOQOAUtHE5d82qDiLvZ4ZuV32fL9UTlA37OptYTC1K2i0uIwu5pbCovzSYSMf"
    },
    "of ar ind": {
      "token": "iWEQUakpxWf3LrySqhjGRPTLg3MeCZKckkCMerQQuWMtUyxY0klcu1L5F4VaSc0W"
    }
  },
  "DEBUG": "True"

}
