{
  "deps": {
    "vcr": {
      "token":"UYkq20T9kLRtjCQNkZg7qxcYmi9KysM6ZrbiftN9pxmUKOCucOeJciIdHlfQQsyn",
      "name": "vcr"
    },
    "vcsr": {
      "token":"I7OuDSo2csbTAdn6KsqHMm4pJVDG6e7dJ62pOs1Y1A0SkYsf3eulYdeNXGIgo1br",
      "name": "vcsr"
    },
    "df-scr": {
      "token":"Hm3Oaif9nQr22rPz8zZVWrqbegeq0LO27vRdfL97Gy5aKs5RF4PKZadalkcE07LP",
      "name": "df-scr"
    },
    "adr": {
      "token":"2SVVvLdv432h1dcP70OutZ7wFFnXnTQiWQsIFZ5HfGaOK3RdRrk240FvSPe0vXum",
      "name": "adr"
    },
    "dg1": {
      "token":"j5KpMyqamfnKKoT807t7egtNXSCVlXwoC6IyMK6Qrfyp8yhwL4Lyxr3g9kuynYgA",
      "name": "dg1"
    },
    "dg2": {
      "token":"pU7OYEZCJt8RyEffKEuIY236cS2Y3IbjXPNT3DkWynpWsDVpW8AAbNNe3VpoRjBz",
      "name": "dg2"
    },
    "der": {
      "token":"YRj1kbXuBMNkvPvhVEvZP0pPRXTkEDqbe6sPLmqyEhDJtAx5HTgarwJfoO8BiH1j",
      "name": "der"
    },
    "vind1": {
      "token":"nSJhM9VtOGVD7mbbfjD7apkd29FdqxtabW6drbOGIsNMx742xc5PZkV5M2KNJPUR",
      "name": "vInd1"
    },
    "vind2": {
      "token":"qZj6NtsD5QgobpT5S7xIKyRLhzOVg2mrtRFAfQT4hY2v5IY2amUNgrZDYtFVLMEr",
      "name": "vInd2"
    },
    "vasmo": {
      "token":"ulMOxZDjeMJWjyI3gsHkBBmbSZJRm5r6NbbtQ89vj8K0raQo183vuv5nZUOUumMe",
      "name": "vAsmo"
    },
    "vj1": {
      "token":"1DzeK9rT61kLiDRoxZmTsf78U0MWqzTVrlgf0XT53k1wu9MipS5ByI5xazPSuJtk",
      "name": "vJ1"
    },
    "vj2": {
      "token":"cHm2DUBoWFR1yhjrLNLRZe5PB5soEjlT8V77KYsZO1b6Afqh66be8yYzlJUp9abO",
      "name": "vJ2"
    },
    "of scr": {
      "token":"Dja0n3mR8kWaMpjVaz1xcGWOR4SxRxFQDudPifSBTt7RKPObuLiOAjr5TIDBT58u",
      "name": "of scr"
    },
    "of ar asmo": {
      "token":"A77bCUjpJn9zx7i1E0EpWuLQFjZDVdeWVqivBwqlqkK0f8Ri3vQAb4eeUfLOD8HW",
      "name": "of ar Asmo"
    },
    "of j1": {
      "token":"FYjNf4F6Y4iC56T182aj4OgqbaVFI83jhTbKZjUgB4HvCua19Xpfhy7UGy9t8oeM",
      "name": "of J1"
    },
    "of j2": {
      "token":"52Ev0vCpdbp6AeBsdlFGpbob4BdoF4zMuQQVrENWBSGYnQyu8P1cLITSm5nvOhXF",
      "name": "of J2"
    },
    "of j3": {
      "token":"F6n6GMPlxNJemECrWgj55EVyk5E6i8G9rPq9IDFvk88cgSfV3g4u4pPw3s4ybMPR",
      "name": "of J3"
    },
    "eugeni": {
      "token":"PR4AOQOAUtHE5d82qDiLvZ4ZuV32fL9UTlA37OptYTC1K2i0uIwu5pbCovzSYSMf",
      "name": "Eugeni"
    },
    "of ar ind": {
      "token": "iWEQUakpxWf3LrySqhjGRPTLg3MeCZKckkCMerQQuWMtUyxY0klcu1L5F4VaSc0W",
      "name": "of ar Ind"
    },
    "of stgr": {
      "token": "SOBGSIF5J4hLcuP3DFbnclZODwHGxbzoV4l6bZXxfXHCa4BVcUcMQQCDqGQo13i6",
      "name": "of stgr"
    }
  }

}
