{
"ctrs": {
    "klsg": {
      "groups": ["asmo","en","sg"]
    },
    "prm": {
      "groups": ["asmo","en","sm","sr"]
    },
    "rav": {
      "groups": ["asmo","en","sm","sr"]
    },
    "ravsg": {
      "groups": ["asmo","en","sg"]
    },
    "wtl": {
      "groups": ["asmo","en","sm","sr"]
    },
    "bay": {
      "groups": ["ind","en","sm","sr","sg"]
    },
    "bsc": {
      "groups": ["jp","ja","sm","sr"]
    },
    "cgi-Nag": {
      "groups": ["jp","ja","sm","sr"]
    },
    "gul": {
      "groups": ["ind","en","sm","sr"]
    },
    "h104": {
      "groups": ["jp","ja","sm","sg"]
    },
    "kmt": {
      "groups": ["ind","en","sm","sr"]
    },
    "msc": {
      "groups": ["jp","ja","sm"]
    },
    "msc-sg": {
      "groups": ["jp","ja","sg"]
    },
    "sssc-bay": {
      "groups": ["ind","en","sssc"]
    },
    "scc": {
      "groups": ["jp","ja","sm"]
    },
    "scc-sg": {
      "groups": ["jp","ja","sg"]
    },
    "sgkmt": {
      "groups": ["ind","en","sg"]
    },
    "sgpsg": {
      "groups": ["asmo","en","sg"]
    },
    "sssc-hon": {
      "groups": ["jp","ja","sssc"]
    },
    "sssc-kyu": {
      "groups": ["jp","ja","sssc"]
    },
    "Tokyo-sg": {
      "groups": ["jp","ja","sg"]
    },
    "ysc": {
      "groups": ["jp","ja","sm","sg"]
    },
    "chjsg": {
      "groups": ["aso","en","sg"]
    },
    "gnt": {
      "groups": ["aso","en","sm","sr"]
    },
    "hes": {
      "groups": ["aso","en","sm","sr"]
    },
    "hksg": {
      "groups": ["aso","en","sg"]
    },
    "hlm": {
      "groups": ["aso","en","sm","sr"]
    },
    "hlmsg": {
      "groups": ["aso","en","sg"]
    },
    "kry": {
      "groups": ["aso","en","sm","sr"]
    },
    "krysg": {
      "groups": ["aso","en","sg"]
    },
    "sngsg": {
      "groups": ["aso","en","sm","sr"]
    },
    "ssschk": {
      "groups": ["aso","en","sssc"]
    },
    "sssckr": {
      "groups": ["aso","en","sssc"]
    },
    "swo": {
      "groups": ["aso","en","sm","sr"]
    }
  }
}
