{
  "r": {
    "Admin": {
      "name": "Cardumen",
      "groups": [],
      "email": "admin@cardumen.org"
    },
    "Aes": {
      "name": "Asia del Este y del Sur",
      "groups": ["cr"],
      "email": "Aes-cr@cardumen.org"
    },
    "Afom": {
      "name": "África Oriental y Meridio",
      "groups": ["cr","en"],
      "email": "Afom-cr@cardumen.org"
    },
    "Amc": {
      "name": "América Central",
      "groups": ["cr"],
      "email": "Amc-cr@cardumen.org"
    },
    "Aut": {
      "name": "Australia N_Zelanda",
      "groups": ["cr","en"],
      "email": "Aut-cr@cardumen.org"
    },
    "Ayuda": {
      "name": "Fichas",
      "groups": [],
      "email": "ayudafichas@cardumen.org"
    },
    "B": {
      "name": "Brasil",
      "groups": ["cr"],
      "email": "B-cr@cardumen.org"
    },
    "C": {
      "name": "Canadá",
      "groups": ["cr","en"],
      "email": "C-cr@cardumen.org"
    },
    "Cam": {
      "name": "Camerún",
      "groups": ["cr"],
      "email": "Cam-cr@cardumen.org"
    },
    "Ceb": {
      "name": "Costa de Marfil",
      "groups": ["cr"],
      "email": "Ceb-cr@cardumen.org"
    },
    "cg": {
      "name": "Consejo",
      "groups": [],
      "email": "cg@cardumen.org"
    },
    "Ch": {
      "name": "Chile",
      "groups": ["cr"],
      "email": "Ch-cr@cardumen.org"
    },
    "Coe": {
      "name": "Colombia y Ecuador",
      "groups": ["cr"],
      "email": "Coe-cr@cardumen.org"
    },
    "Cong": {
      "name": "Congo",
      "groups": ["cr"],
      "email": "Cong-cr@cardumen.org"
    },
    "Crsl": {
      "name": "Croacia y Eslovenia",
      "groups": ["cr"],
      "email": "Crsl-cr@cardumen.org"
    },
    "dlal": {
      "name": "Aragón y Levante",
      "groups": ["dl","H"],
      "email": "H-dlal@cardumen.org"
    },
    "dlb": {
      "name": "Barcelona",
      "groups": ["dl","H"],
      "email": "H-dlb@cardumen.org"
    },
    "dlc": {
      "name": "Chicago",
      "groups": ["dl","Eu","en"],
      "email": "Eu-dlc@cardumen.org"
    },
    "dlcal": {
      "name": "California",
      "groups": ["dl","Eu","en"],
      "email": "Eu-dlcal@cardumen.org"
    },
    "dlg": {
      "name": "Guadalajara",
      "groups": ["dl","M"],
      "email": "M-dlg@cardumen.org"
    },
    "dlgr": {
      "name": "Granada",
      "groups": ["dl","H"],
      "email": "H-dlgr@cardumen.org"
    },
    "dlmE": {
      "name": "Madrid Este",
      "groups": ["dl","H"],
      "email": "H-dlmE@cardumen.org"
    },
    "dlmO": {
      "name": "Madrid Oeste",
      "groups": ["dl","H"],
      "email": "H-dlmO@cardumen.org"
    },
    "dln": {
      "name": "Noroeste de España",
      "groups": ["dl","H"],
      "email": "H-dln@cardumen.org"
    },
    "dlp": {
      "name": "Pamplona",
      "groups": ["dl","H"],
      "email": "H-dlp@cardumen.org"
    },
    "dlpar": {
      "name": "Paraguay",
      "groups": ["dl","Pla"],
      "email": "Pla-dlpar@cardumen.org"
    },
    "dls": {
      "name": "Sevilla",
      "groups": ["dl","H"],
      "email": "H-dls@cardumen.org"
    },
    "dlu": {
      "name": "Uruguay",
      "groups": ["dl","Pla"],
      "email": "Pla-dlu@cardumen.org"
    },
    "dly": {
      "name": "Monterrey",
      "groups": ["dl","M"],
      "email": "M-dly@cardumen.org"
    },
    "Ecs": {
      "name": "Europa Central Norte",
      "groups": ["cr"],
      "email": "Ecs-cr@cardumen.org"
    },
    "Eso": {
      "name": "Europa Sept. Occid.",
      "groups": ["cr","en"],
      "email": "Eso-cr@cardumen.org"
    },
    "Eu": {
      "name": "Estados Unidos",
      "groups": ["cr","en"],
      "email": "Eu-cr@cardumen.org"
    },
    "Euc": {
      "name": "Centroeuropa",
      "groups": ["cr"],
      "email": "Euc-cr@cardumen.org"
    },
    "Galbel": {
      "name": "Francia y Bélgica",
      "groups": ["cr"],
      "email": "Galbel-cr@cardumen.org"
    },
    "H": {
      "name": "España",
      "groups": ["cr"],
      "email": "H-cr@cardumen.org"
    },
    "I": {
      "name": "Italia",
      "groups": ["cr"],
      "email": "I-cr@cardumen.org"
    },
    "Iers": {
      "name": "Jerusalén (cr H)",
      "groups": ["dl","H"],
      "email": "H-Iers@cardumen.org"
    },
    "Kz": {
      "name": "Kazajstán",
      "groups": ["cr"],
      "email": "Kz-cr@cardumen.org"
    },
    "L": {
      "name": "Portugal",
      "groups": ["cr"],
      "email": "L-cr@cardumen.org"
    },
    "Li": {
      "name": "Líbano",
      "groups": ["cr"],
      "email": "Li-cr@cardumen.org"
    },
    "M": {
      "name": "México",
      "groups": ["cr"],
      "email": "M-cr@cardumen.org"
    },
    "Nig": {
      "name": "Nigeria",
      "groups": ["cr","en"],
      "email": "Nig-cr@cardumen.org"
    },
    "P": {
      "name": "Perú",
      "groups": ["cr"],
      "email": "P-cr@cardumen.org"
    },
    "Pl": {
      "name": "Filipinas",
      "groups": ["cr","en"],
      "email": "Pl-cr@cardumen.org"
    },
    "Pla": {
      "name": "Región del Plata",
      "groups": ["cr"],
      "email": "Pla-cr@cardumen.org"
    },
    "Port": {
      "name": "Puerto Rico",
      "groups": ["cr"],
      "email": "Port-cr@cardumen.org"
    },
    "Rs": {
      "name": "Rusia",
      "groups": ["cr"],
      "email": "Rs-cr@cardumen.org"
    },
    "Soporte": {
      "name": "Cardumen",
      "groups": [],
      "email": "support@cardumen.org"
    },
    "V": {
      "name": "Venezuela",
      "groups": ["cr"],
      "email": "V-cr@cardumen.org"
    }
  }
}
